股票名称,股票代码,板块代码,板块名称,板块涨幅
天齐锂业,002466,BK1015,能源金属,-2.84
天齐锂业,002466,BK0169,四川板块,-1.41
天齐锂业,002466,BK0743,深证100R,-0.59
天齐锂业,002466,BK0500,HS300_,-0.81
天齐锂业,002466,BK0718,证金持股,-0.83
天齐锂业,002466,BK0821,MSCI中国,-0.98
天齐锂业,002466,BK0568,深成500,-0.99
天齐锂业,002466,BK0867,富时罗素,-1.06
天齐锂业,002466,BK0804,深股通,-1.08
天齐锂业,002466,BK0596,融资融券,-1.18
天齐锂业,002466,BK0499,AH股,-1.19
天齐锂业,002466,BK0879,标准普尔,-1.2
天齐锂业,002466,BK0552,机构重仓,-1.25
天齐锂业,002466,BK0644,特斯拉,-1.47
天齐锂业,002466,BK0704,无人机,-1.48
天齐锂业,002466,BK1196,2025中报扭亏,-1.62
天齐锂业,002466,BK0590,西部大开发,-1.62
天齐锂业,002466,BK1173,锂矿概念,-1.76
天齐锂业,002466,BK0523,新材料,-2.06
天齐锂业,002466,BK0817,昨日触板,-2.57
天齐锂业,002466,BK1052,动力电池回收,-2.65
天齐锂业,002466,BK0574,锂电池,-2.74
天齐锂业,002466,BK1197,反内卷概念,-2.93
天齐锂业,002466,BK0968,固态电池,-3.12
天齐锂业,002466,BK0951,刀片电池,-4.03
