时间,标签,摘要
2025-11-14,平板玻璃产量止跌,产量同比增3.3%，或与去年同期基数较低有关
2025-11-14,熊来了？比特币跌破10万美元大关,
2025-11-14,证监会主席吴清最新动向,出访法国与巴西 与国际投资者座谈
2025-11-14,终于谈妥,
2025-11-14,10月失业率环比小降0.1个点,较去年同期高0.1个百分点
2025-11-14,无标签,国际油价还面临哪些冲击
2025-11-14,无标签,甲骨文的商业模式与行为代表了当前AI基础设施建设中较为激进的一面
2025-11-13,原油期货受重挫,
2025-11-13,警惕停摆“后遗症”,全面恢复正常运作可能还需数日
2025-11-13,美联储12月降息25个基点“板上钉钉”了吗,特朗普点名的主席候选人之一哈塞特：希望能更大幅度降息
2025-11-12,沥青社库下降反映工程热度,社会库存11月次周降至32.3万吨，到达2月以来较低水平
2025-11-12,无标签,苹果没有为AI大笔烧钱，有人觉得它成了科技股中的“避风港”
2025-11-12,挪威主权基金的烦恼,
2025-11-12,高管称是为了给AI投资项目融资,
2025-11-11,香港人口流失好几年了,2025年上半年环比流失幅度甚至不减反增，较2024年下半年微增100人
2025-11-11,“墨镜王”的命运回旋镖,时年67岁、从影40年的王家卫，这一次站在风口浪尖上，是因为原《繁花》剧组工作人员程骏年曝光的录音
2025-11-11,公募基金投资端将再迎新规,10月末以来，文件接二连三出台
2025-11-11,A股投资者已将盈利视角向2026年切换,市场提前交易涨价行情
2025-11-11,新能源车产量再创新高,10月产量177.2万辆，同比增21.1%
2025-11-11,人大校友圈的跨国投资陷落,
2025-11-11,“股神”巴菲特谢幕信都写了什么？,
2025-11-10,后市机会几何？,
2025-11-10,理想汽车直面MEGA召回挑战,对于销量承压、市场环境并不太有利的理想汽车来说，这又是一个新挑战。
2025-11-10,洗钱逃犯苏炳海的“末路狂欢”,
2025-11-10,“反对关税的人都是傻瓜”,
2025-11-10,楼市没有“银十”,
2025-11-10,据FlightAware，这可能是美国航空业数据最糟糕的一天,联邦政府停摆、人力短缺，美国联邦航空管理局（FAA）下令开始在全美范围内削减航班……
2025-11-10,施工机械开工率下降,10月整体开工率录得55%
2025-11-10,黄金消费量下来了,
2025-11-07,美元今年已遭受重创,
2025-11-07,往返印度航班凑合坐,一天两班的频率与疫情前最高一天20班相比差距明显
2025-11-07,余额宝给得少了,当日收益率录得1.014%
2025-11-07,外卖大战催生高回报交易策略,
2025-11-07,现场倒下,美国降药价发布会，站在特朗普身后的一名诺和诺德高管突然晕倒，不过并无大碍
2025-11-07,为有史以来最高,
2025-11-07,他是在逃的电诈首脑陈志,用柬埔寨太子集团搭起犯罪网络，买香港豪宅，控制顶级古巴雪茄分销
2025-11-06,阳光电源的超预期业绩引关注,不过也并非没有隐忧
2025-11-06,来自首尔市政府的调查,
2025-11-06,美国政府停摆会导致航空业崩溃吗,
2025-11-06,知识产权使用费出口额回落,前月历史新高纪录未能延续
2025-11-06,无标签,人均242.16立方米
2025-11-05,车没那么难卖了,库存预警指数降至年内新低，但仍高于50%的荣枯线
2025-11-05,下半年煤价一路上扬,该指数被业界视为沿海煤炭市场风向标
2025-11-05,据13F监管申报文件，Burry买入了英伟达和Palantir的看跌期权,
2025-11-05,证监会原副主席王建军的双面人生,
2025-11-05,比特币6月以来首度跌破10万美元,抹去了整个夏季所取得的涨幅
2025-11-04,海洋产业稳定增长,
2025-11-04,零售商的这个假日季可能不好过,美国季度纸箱销量创十年来同期最低
2025-11-04,以40亿美元将中国业务的多数股权卖给博裕投资,星巴克将保留剩余40%的权益
2025-11-03,已纳入新的绩效考核,
2025-11-03,创新药板块近期持续调整,为何BD消息频出却未能提振创新药行情？
2025-11-03,税收优惠政策突然调整,零售商黄金采购成本或升7%？
2025-11-03,伯克希尔三季报 巴菲特3817亿美元现金储备创历史新高,
2025-11-03,城投债务增速降至历史低位背后,
2025-10-31,今年是摩托车出口最好的一年,
2025-10-31,9月持有额突破3.5万亿元,
2025-10-31,鲍威尔“踩刹车” “新债王”冈拉克怎么看,
2025-10-31,有知情人士称成本将超20亿欧元……,
2025-10-31,中国内地银行面临多重压力,
2025-10-30,同比下降220亿元,
2025-10-30,媒体称OpenAI将于明年申请IPO,
2025-10-30,这个持续三年的行动终于将画上句号,
2025-10-29,这个国家正考虑十多年来首次增加黄金储备的计划,但也有部分国家酝酿出售
2025-10-29,市场应急方案有哪些？,
2025-10-29,金融行业降薪覆盖面延伸,更多机构的中层干部需要未雨绸缪
2025-10-29,家具制造业人丁不旺,9月录得年内累计平均从业人数降至85.7万人
2025-10-29,无标签,看统计数据发现，香港的土地面积一直在悄然增加
2025-10-28,上半财年（4—9月）销量创纪录,尽管其日本和中国市场萎缩
2025-10-28,公司前三季大幅减亏 第三季度单季转盈,对政府补助的依赖犹在，且客户的账期较长、回款压力较大……
2025-10-28,化肥越用越少,已降至2006年水平
2025-10-28,农业除涝达标面积新高,农业防灾基础设施的存量水平有提升
2025-10-28,交易员担心日本长期国债收益率将再度上行,另外市场还密切关注……
2025-10-27,韩国总统李在明发出警告：韩国正迈向与日本类似的道路,
2025-10-27,汇丰预计将损失11亿美元,麦道夫于2009年认罪，并被判处150年监禁……
2025-10-27,上班时长短了但短的不多,今年前三季度平均同比周均工时分别缩短0.3、0.17、0.2小时，仍处近年高位
2025-10-27,FDI同比降幅收窄,在近两年的地缘政治与全球经济不确定性影响下，FDI累计同比较2023年中以前，出现长期明显下降。
2025-10-27,宏胜集团最新消息,有人离职、有人复职、多人被带走
2025-10-27,安世半导体事件背后的博弈,中资企业花费338亿元收购的安世半导体，是怎样被荷兰政府以“国家安全”之名夺去控制权的？
2025-10-24,论堵还是北京最堵,今年截至10月22日，有190天北京是四大超一线城市里最堵的那个
2025-10-24,特朗普再对币圈伸出橄榄枝 赵长鹏被赦免,币安创始人赵长鹏于2024年曾服刑四个月
2025-10-24,美国公布制裁后,印度炼油厂高管预计从俄罗斯进口的石油将大幅下降
2025-10-24,房地产业另类“金九”,尽管9月投资同比仍然下降，但从环比来看降幅收窄幅度为近三年来最大的一个月
2025-10-24,油价还能涨？,
2025-10-23,特斯拉Q3财报会点评：喜忧参半？,
2025-10-23,这家中国公司的婴儿纸尿裤在非洲市场销量第一,
2025-10-23,渣打：2026年有望达到5000美元,尽管金价短期面临调整，机构对长期仍看涨
2025-10-23,虽然这种调整并不等同于撤出美国,
2025-10-23,周大福销售回暖了吗,品牌新一轮涨价在即，主要针对“一口价”产品
2025-10-23,时隔一年，70城二手房价格再次尽数下跌,一线城市购房需求或在政策刺激下有所升温，但房价尚未反弹，以价换量可能仍将持续
2025-10-22,国际贵金属市场遭遇全面抛售,黄金一度暴跌6.3%，创下十多年来最大盘中跌幅
2025-10-22,华尔街资深策略师提示盯紧油价,10年期美债收益率可能将触及3.75%……
2025-10-22,公司资本运作的核心人物祝九胜被追责,
2025-10-22,光缆产量三连降,这也是今年单月最大降幅
2025-10-22,9月火电萎缩,火电发电量同比在五种发电方式中跌幅排第二
2025-10-21,人们在控制食物花销,人均消费支出同比仅增2.5%
2025-10-21,医药趋向产能过剩,产能利用率已降至数据记录以来次低位
2025-10-21,郑氏家族将出局,而新的实控人是……
2025-10-21,债市行情值得继续期待吗？,市场上周在贸易摩擦扰动和避险情绪影响下继续得以喘息
2025-10-21,越来越多机构开始转向看多,苹果股价日涨3.9%至年内新高
2025-10-21,高市早苗成日本首位女首相,
2025-10-20,创世人突然离世后 “金融茶”龙头大益集团陷内斗风波,“最夸张的时候，大益涨得比毒品还恐怖。”
2025-10-20,“玻璃大王”的办学路,曹德旺留下的浓厚企业家底色与独特办学定位，正让福耀科技大学成为中国民办教育与高等教育界的一颗亮眼新星。
2025-10-20,双节期间成交已现同比走弱……,
2025-10-20,失意百度为何重获资本青睐,百度9月领涨恒科指数成分股，哪些潜力业务被重新定价？
